feature	metadata	value	coef	stderr	N	N.not.0	pval	qval
Genus..Eubacterium._eligens_group	responder	Resp	0.0241503578389856	0.00429295725405768	12	9	0.000219754254707237	0.0777930061663619
